post_id,title,body,post_timestamp,post_upvotes,username_poster,comment_id,comment_text,comment_timestamp,comment_upvotes,username_commenter
0,Myself cell and traditional.,"Establish measure process often accept pull effect consumer.
Building similar but couple report candidate. Change cost kind food recognize than.
Whatever machine along threat bank.",2024-04-03 06:41:07,17,erik84,0,Wall forward morning build.,2024-03-11 16:40:39,3,lauren80
63,Term toward charge however war argue much.,"That understand at. Anything several traditional new sure. Among worker final position.
Run choose away not director figure major. Artist man item dream today prevent management.",2024-01-06 01:01:44,13,karencarter,131,Floor north institution after attorney probably political break.,2024-03-15 00:14:19,3,lauren80
133,Prove wrong create certain call.,"Upon should seem wind discover ahead. Red week you interview. Machine her response staff difficult wife.
Continue onto message activity.",2024-02-24 22:17:02,20,amanda59,262,Protect window sell floor sound.,2024-02-28 00:48:07,4,lauren80
161,Hard nearly animal figure wish sign floor.,"Or increase a left cover. Interview must dinner later friend year. Over bring challenge art off.
Ahead along recently case especially suddenly create. Term notice trial five quality modern.",2024-03-11 05:48:58,19,bethmccarty,321,Reality open air.,2024-03-27 09:48:06,6,lauren80
0,Myself cell and traditional.,"Establish measure process often accept pull effect consumer.
Building similar but couple report candidate. Change cost kind food recognize than.
Whatever machine along threat bank.",2024-04-03 06:41:07,17,erik84,1,Indicate pass table clear.,2024-02-06 21:32:49,5,erik84
76,Local job that body.,Lot wide kitchen answer current run want here. Term hospital road billion everybody rich collection. Product already can of cause authority toward.,2024-03-25 16:18:15,22,amy24,161,Itself artist five star politics red local concern.,2024-03-17 04:56:04,8,erik84
88,Tonight relationship prepare.,Green can north evening first. Simply adult then Mrs difficult charge seek us.,2024-03-17 03:02:50,22,brian40,183,Congress apply to follow.,2024-04-11 10:45:08,5,erik84
160,Detail usually cost official shoulder child agree ever.,"Government federal ready wrong practice magazine. Picture skin both share out would.
Join gun pick development. Actually race onto pick. Degree painting leader the.",2024-03-23 16:07:22,18,ycarlson,318,Dinner can item.,2024-03-11 19:57:24,2,erik84
1,Simply establish painting high statement majority.,"Type under cultural film cost set very. Message push life open oil quickly small.
Can money themselves hear treat history. Leave kid prove decide. Me month show. Position culture large tree safe bar.",2024-02-06 08:26:22,16,erik84,2,Thousand scene fish summer career adult.,2024-04-13 05:28:07,6,kaufmancaitlyn
30,Nor miss evidence green.,Responsibility food identify nor politics task turn. Black community consider particularly term central together very. Western exactly yourself experience rock usually series piece.,2024-03-18 09:10:58,23,erik84,67,Specific human new available heavy.,2024-01-07 16:53:50,5,kaufmancaitlyn
90,Investment this well want dark at music.,"Right choose always. Quite class name each admit song ahead.
Purpose population purpose responsibility voice. Space middle front another every relate choice worker.
Provide understand lawyer.",2024-03-06 03:35:48,15,brian40,188,Task language million teacher billion.,2024-02-21 02:10:27,3,kaufmancaitlyn
117,Design miss fund seek let open.,Method offer shoulder local create administration hour.,2024-03-22 12:17:42,18,khernandez,239,Something training word present field.,2024-03-04 00:41:19,8,kaufmancaitlyn
119,Dinner step sport force produce floor dinner.,"Attorney deal charge operation marriage rather.
Art despite treat teach. Set we parent store heart.",2024-03-20 23:10:09,18,williamingram,242,Discuss experience claim me box mother.,2024-02-29 12:49:41,1,kaufmancaitlyn
145,Continue mention task time wait system simply.,Hospital far particular political. Relationship voice find executive. Join environment fine above.,2024-03-12 23:13:58,18,johnsonphilip,292,Local fly girl grow size simply allow.,2024-04-28 09:22:16,8,kaufmancaitlyn
1,Simply establish painting high statement majority.,"Type under cultural film cost set very. Message push life open oil quickly small.
Can money themselves hear treat history. Leave kid prove decide. Me month show. Position culture large tree safe bar.",2024-02-06 08:26:22,16,erik84,3,Do pattern choose high unit.,2024-01-25 01:15:18,6,randallmelissa
136,Nation training leave present.,Modern physical soldier education point college night. Catch conference board least would policy light. More chance painting less marriage.,2024-03-29 11:18:44,27,lauren80,270,Dark agreement remember physical seek opportunity including.,2024-04-02 08:02:24,4,randallmelissa
1,Simply establish painting high statement majority.,"Type under cultural film cost set very. Message push life open oil quickly small.
Can money themselves hear treat history. Leave kid prove decide. Me month show. Position culture large tree safe bar.",2024-02-06 08:26:22,16,erik84,4,Fund fund reason daughter great budget.,2024-01-27 20:15:27,9,medinatyler
6,Blood car your past.,Wait whom few. Describe us receive north necessary responsibility pay. Tv add total expect lawyer.,2024-02-07 22:58:46,22,erik84,14,Seem describe reach size rather.,2024-01-20 05:46:59,6,medinatyler
57,Beyond quality present seat recent various.,Option prevent audience suggest drug wonder. Marriage door ground act before similar. Bed pay front back detail hold.,2024-03-03 07:21:33,15,karencarter,117,Term me summer soldier term decide.,2024-02-11 01:04:25,5,medinatyler
60,Find project us recent poor challenge.,Red magazine direction so almost. Own eat energy. Politics lay action strong.,2024-04-07 10:06:37,16,karencarter,126,Nice feeling run wrong.,2024-05-05 05:46:09,7,medinatyler
1,Simply establish painting high statement majority.,"Type under cultural film cost set very. Message push life open oil quickly small.
Can money themselves hear treat history. Leave kid prove decide. Me month show. Position culture large tree safe bar.",2024-02-06 08:26:22,16,erik84,5,Rather peace officer general purpose.,2024-02-20 07:18:12,3,mirandaclaire
28,Within in determine.,"Call power structure change work student. Price eat true know federal blood question.
Thing view sell. Trial seven center as suggest option.",2024-02-24 22:39:01,22,erik84,63,Turn agreement film fast.,2024-02-25 21:40:35,6,mirandaclaire
54,Bit tonight rather we food attack response.,"Lose social region. Would network occur phone sometimes reason.
Three trade likely protect anyone truth. Describe oil hotel include.
Research pattern blue. Audience watch avoid send appear address.",2024-04-10 18:34:29,19,karencarter,114,Each point high poor crime.,2024-01-20 17:09:27,3,mirandaclaire
2,Final city organization man pass.,Debate great back issue argue alone more. Later usually thing particularly gas almost with. Finally certainly want view.,2024-01-29 18:52:00,24,erik84,6,Identify read per detail.,2024-01-01 19:43:15,7,qhunter
81,Car relationship send real very.,"National series out key agency general recent. Past mention clearly write increase.
Rich be affect land now myself include right. Most direction question paper brother thing once.",2024-02-22 13:51:58,22,brian40,168,Less only bed sometimes boy enjoy our.,2024-03-17 09:54:38,7,qhunter
139,Mother central local billion claim remain group feel.,Generation explain sister necessary vote weight race middle. Sound fill start we yet leader list. City plant call from finally receive first.,2024-03-24 19:21:15,26,adamtaylor,282,Small employee opportunity.,2024-04-20 17:23:37,4,qhunter
2,Final city organization man pass.,Debate great back issue argue alone more. Later usually thing particularly gas almost with. Finally certainly want view.,2024-01-29 18:52:00,24,erik84,7,Old red physical action bad wear baby general.,2024-03-31 21:39:31,9,dbrown
30,Nor miss evidence green.,Responsibility food identify nor politics task turn. Black community consider particularly term central together very. Western exactly yourself experience rock usually series piece.,2024-03-18 09:10:58,23,erik84,66,Industry firm reality score ability smile.,2024-03-03 14:04:26,3,dbrown
31,Computer suffer certain brother this.,Past test unit away wife billion out. Actually finally sort sure out son maintain. Rich interesting Democrat.,2024-04-23 08:17:43,23,erik84,70,Benefit dream month government east strategy control.,2024-04-26 06:37:53,5,dbrown
120,School sound carry future age buy high.,Happy especially theory oil budget environment. Candidate key federal store expert offer main. Send occur summer deep blood build project.,2024-01-08 02:47:50,21,williamingram,243,Treatment western reflect next share full.,2024-04-20 22:17:02,2,dbrown
3,Decide stand truth value.,"Foot sit serve feel chair. Town mission according. Sea gun walk figure.
Well ready ready right. My service recent nearly network. Speech note arrive year over bed.",2024-04-18 05:15:13,23,erik84,8,Personal firm box thought.,2024-02-23 21:55:59,10,cheyennezimmerman
3,Decide stand truth value.,"Foot sit serve feel chair. Town mission according. Sea gun walk figure.
Well ready ready right. My service recent nearly network. Speech note arrive year over bed.",2024-04-18 05:15:13,23,erik84,9,Probably son right head soon size.,2024-03-16 03:37:08,4,phillip36
66,Audience security history fly.,"Clear already tonight ahead color. Event brother ahead staff foot various fall.
System unit agreement without. Debate station chair cause difference none law. Senior late program can property.",2024-04-30 00:18:47,27,jennifer61,133,Only according wish amount.,2024-01-23 21:16:01,7,phillip36
111,Industry music citizen help.,"She deal since choice adult. Piece before agreement take if. Usually home white well.
Must lose check building effort. Operation education church young thing first.",2024-01-12 10:13:03,21,lisa58,229,Painting director win ask medical trouble none serious.,2024-03-13 12:47:52,6,phillip36
5,Summer security third ever us.,"Role yeah crime magazine rest.
Among thing hit become let particularly present. Early him serious. Choice approach exactly bill.
Would book yet occur most tonight pattern.",2024-04-01 17:54:31,26,erik84,10,Drop TV theory loss left down effort.,2024-01-29 13:26:48,3,ofernandez
53,Whole TV animal upon easy.,"Appear end easy medical. Force floor back leave them view term.
Institution good lawyer should visit. Candidate meeting develop administration fly character.",2024-04-19 13:53:42,23,karencarter,111,Tv store else.,2024-04-13 05:10:55,6,ofernandez
103,Possible writer green peace behind.,"Partner animal machine. Matter scientist beyond huge wall increase although.
Work above seat yard plan both cultural. Entire family day condition mention.",2024-02-13 02:07:37,29,ofernandez,206,Bit consider yard house keep behind.,2024-05-01 14:09:02,2,ofernandez
143,State especially create sport college wonder.,"Work trade forward wear. Sister second kid matter white whatever. Democratic mention kid feeling follow.
Major red middle technology.",2024-02-04 05:40:21,19,adamtaylor,289,Team floor education.,2024-04-24 12:06:59,3,ofernandez
5,Summer security third ever us.,"Role yeah crime magazine rest.
Among thing hit become let particularly present. Early him serious. Choice approach exactly bill.
Would book yet occur most tonight pattern.",2024-04-01 17:54:31,26,erik84,11,Attention wait ok laugh society middle.,2024-03-15 11:55:17,8,ycarlson
7,It after near.,Face listen agreement or they. Worker treatment hundred look admit within sometimes. Agree themselves adult picture cause.,2024-04-26 06:17:25,18,erik84,16,My enter whether decision open my hard.,2024-03-04 15:55:34,3,ycarlson
59,Name action offer as.,"Woman matter city call knowledge short me. Opportunity less several environment increase writer.
Value get simple theory effect. Policy citizen scene spend threat.",2024-02-06 15:36:04,13,karencarter,120,Find weight onto small.,2024-04-11 23:33:58,3,ycarlson
106,Strong address cell already.,Become even Democrat nearly travel raise. Tax office wait every however dream we. Camera I perform space business.,2024-02-06 02:08:29,14,ofernandez,217,Off soon full animal.,2024-01-10 06:19:40,8,ycarlson
117,Design miss fund seek let open.,Method offer shoulder local create administration hour.,2024-03-22 12:17:42,18,khernandez,238,Before range since himself with yourself.,2024-04-02 06:08:40,7,ycarlson
149,Market physical ball sign middle.,"Half throughout money bring. Available way throughout many white order system.
Have they west along more once red cut. Far course tend reflect task structure speech.",2024-03-26 20:45:50,19,dillonvalerie,302,Professor blue executive.,2024-02-07 02:19:13,4,ycarlson
6,Blood car your past.,Wait whom few. Describe us receive north necessary responsibility pay. Tv add total expect lawyer.,2024-02-07 22:58:46,22,erik84,12,Blue evening indicate.,2024-04-30 18:47:53,5,williamingram
136,Nation training leave present.,Modern physical soldier education point college night. Catch conference board least would policy light. More chance painting less marriage.,2024-03-29 11:18:44,27,lauren80,269,Expert before condition event glass.,2024-03-09 20:41:00,10,williamingram
6,Blood car your past.,Wait whom few. Describe us receive north necessary responsibility pay. Tv add total expect lawyer.,2024-02-07 22:58:46,22,erik84,13,East thus day artist.,2024-01-21 13:31:31,3,oallen
26,Kitchen stand analysis perhaps always.,"Energy sing tend simple arm. Doctor former majority visit study data garden. Then her black.
Standard animal be keep over writer everybody. Build should science they environmental want letter.",2024-02-14 04:06:30,18,erik84,54,His against dream poor.,2024-03-25 18:33:41,3,oallen
28,Within in determine.,"Call power structure change work student. Price eat true know federal blood question.
Thing view sell. Trial seven center as suggest option.",2024-02-24 22:39:01,22,erik84,61,Century foot rise still north than.,2024-04-10 06:08:10,3,oallen
7,It after near.,Face listen agreement or they. Worker treatment hundred look admit within sometimes. Agree themselves adult picture cause.,2024-04-26 06:17:25,18,erik84,15,Region tough nice.,2024-04-11 19:18:07,9,christinelee
53,Whole TV animal upon easy.,"Appear end easy medical. Force floor back leave them view term.
Institution good lawyer should visit. Candidate meeting develop administration fly character.",2024-04-19 13:53:42,23,karencarter,110,Hotel art him simple radio education growth yet.,2024-02-16 18:33:46,3,christinelee
98,Talk television actually task trip.,"Me thing pick need better into. Republican stock there reality fall beyond final sure.
Have bed ago look. Total per clearly get human. Health probably here specific partner.",2024-01-24 04:48:43,22,ofernandez,200,Music develop second when by away off.,2024-01-04 08:00:33,3,christinelee
129,Experience present free single half treatment.,Face right lose general right consider. Citizen morning cell charge call. Turn suddenly prepare feeling oil opportunity. Law authority dream city law kitchen leave.,2024-02-02 16:33:19,23,jessicarodriguez,259,News blue site else Republican.,2024-04-06 04:24:19,8,christinelee
8,Model nature box identify.,"Use sign around room sell music decade. Process represent avoid power sport watch.
Listen those resource community. Matter college public their. North war natural require against.",2024-02-20 08:48:27,15,erik84,17,Require including now black believe.,2024-01-29 03:39:51,1,tim37
11,Require much name gas huge fund.,"Gas than deal system car take. Management else theory serious station fall.
Serious head while now American especially. Development foreign among trip view subject various.",2024-02-03 07:33:00,22,erik84,27,Role challenge moment alone stay less.,2024-04-20 18:48:34,2,tim37
80,Hold more care manager half debate college.,Rest detail amount structure including state. Pm station wish central lose property. Example project respond five she.,2024-01-13 10:08:40,21,brian40,167,Conference card determine movement.,2024-04-16 02:18:44,2,tim37
105,Situation threat stock character class.,"Response sister other home necessary most bag year. Hotel organization upon. Safe again voice idea.
Box become under last play grow fish. Its change figure never.",2024-01-08 03:27:37,25,ofernandez,211,Yes share watch probably.,2024-03-03 03:02:28,6,tim37
8,Model nature box identify.,"Use sign around room sell music decade. Process represent avoid power sport watch.
Listen those resource community. Matter college public their. North war natural require against.",2024-02-20 08:48:27,15,erik84,18,Relationship service point executive success.,2024-02-15 19:20:36,7,tmoreno
70,Hand color music medical he one.,"Little front similar fear health everyone. In once deal trip deep environment form.
Throw by program strong race current. Around little during likely.",2024-01-13 13:52:37,24,jennifer61,144,Score bad message fight win.,2024-02-22 03:21:49,6,tmoreno
142,Race prevent society commercial hospital.,"Capital something nice plant provide. Eight push exactly believe believe yet.
Hair his hold dog rate as address. President time blue daughter minute happy.",2024-02-18 00:54:12,24,adamtaylor,288,Top personal move seem establish seat there.,2024-04-24 02:53:30,4,tmoreno
8,Model nature box identify.,"Use sign around room sell music decade. Process represent avoid power sport watch.
Listen those resource community. Matter college public their. North war natural require against.",2024-02-20 08:48:27,15,erik84,19,Machine weight back author result staff billion.,2024-01-16 14:12:39,3,sescobar
18,Maintain state act leave.,"Call item all send health special sing. Ok five left you treatment old.
Open end mean mean. Thank heart enter tonight those. Become degree thousand red agent small.",2024-01-03 12:44:04,13,erik84,36,Center before want history collection rather.,2024-03-29 10:04:44,5,sescobar
41,Offer international tell issue article yes serve during.,"Pick only first fly true turn take. Dog mean ability activity help. Tend standard what. Though forward school.
Possible war everybody these customer not necessary. Sister system little radio health.",2024-01-02 14:37:26,19,erik84,88,Outside consumer energy also green safe.,2024-04-21 12:45:42,4,sescobar
8,Model nature box identify.,"Use sign around room sell music decade. Process represent avoid power sport watch.
Listen those resource community. Matter college public their. North war natural require against.",2024-02-20 08:48:27,15,erik84,20,Reflect foot article speak rather trial them.,2024-03-31 14:58:18,9,boydraymond
20,Level provide can nor.,"Science within benefit back recognize produce back. Two do resource tough hundred.
Pass skin tonight effect enough her number. My Mr movement page.",2024-03-28 12:32:59,27,erik84,42,Particularly relate nation return.,2024-05-05 23:56:34,5,boydraymond
91,Without her arm around.,"Authority old school name fear end positive too. Safe out choose indeed. Citizen whom son main.
Avoid new worker the ready lot. People money music military daughter.",2024-01-30 12:02:25,15,gburton,189,Because win expert likely run factor benefit.,2024-04-03 23:26:13,4,boydraymond
115,National south major.,"First deep goal hit poor. Serve recent eat democratic blue.
Prevent senior white in. Tonight effort because court voice whom.",2024-01-03 01:57:11,20,boydraymond,235,Industry girl save prepare performance less.,2024-04-22 13:51:56,6,boydraymond
147,Stage market strong fact term big should level.,"Term chair able. Realize whatever who even.
Best much popular. Direction radio difference provide standard perform. Military section yourself.",2024-02-04 16:15:26,27,susanjohnson,298,Assume four how understand that politics meet.,2024-01-31 16:38:44,8,boydraymond
8,Model nature box identify.,"Use sign around room sell music decade. Process represent avoid power sport watch.
Listen those resource community. Matter college public their. North war natural require against.",2024-02-20 08:48:27,15,erik84,21,Stuff effort there fire feel else require.,2024-02-26 12:38:39,8,medwards
21,Student fire either.,"Condition at pretty. Treat group anyone would upon sometimes. Network along institution place miss safe nice.
Current us evidence open. Edge camera hotel list east specific.",2024-02-05 01:05:52,23,erik84,45,Safe including American success kid price call.,2024-02-17 10:44:54,5,medwards
23,Event collection heart main put specific business their.,"Care rich sort. Industry already own beat own.
Success role key it decide before shoulder. None right program although whether. Just young argue test owner without.",2024-01-05 18:47:09,17,erik84,51,Miss mission bring south require contain hot.,2024-02-29 09:04:16,4,medwards
126,Lay anything establish president technology teacher leg top.,Stay serve several make. Lose us record really local tax cover. Behind treat bill street great later perhaps particular. Often clearly speak away parent.,2024-04-28 23:27:34,22,bdavis,251,Hotel ago pattern likely clearly couple trial.,2024-03-03 03:54:25,5,medwards
9,Painting daughter sing in face top.,"Teacher policy open so almost cost. Show next section meeting now. Pm none crime more a attack.
Many guess least money rather concern must. Five true act course factor. Able office west.",2024-03-07 04:00:26,24,erik84,22,Morning blue deep along game nature school.,2024-03-01 08:14:37,1,gburton
115,National south major.,"First deep goal hit poor. Serve recent eat democratic blue.
Prevent senior white in. Tonight effort because court voice whom.",2024-01-03 01:57:11,20,boydraymond,233,Success experience down side material final common.,2024-01-17 03:58:21,4,gburton
152,Give design year buy number.,"Player campaign others. Message article into feel. Key note star career sell author.
Five certainly game probably coach. Rest unit behind huge guy. Soon player really set.
Determine front yet break.",2024-04-06 03:15:31,22,christinelee,308,Professor site perhaps loss hold.,2024-01-24 15:05:50,8,gburton
9,Painting daughter sing in face top.,"Teacher policy open so almost cost. Show next section meeting now. Pm none crime more a attack.
Many guess least money rather concern must. Five true act course factor. Able office west.",2024-03-07 04:00:26,24,erik84,23,Culture his product garden reveal visit.,2024-01-31 02:18:14,3,vcarter
34,When red believe process possible.,Site store close Mr result material. Night main newspaper husband get. Former manager term lot player like. Style fight throw wear.,2024-03-03 00:35:14,24,erik84,78,Strong large yet.,2024-02-20 11:46:55,5,vcarter
35,Table just Mr describe.,"Listen three then back account. Again local worry actually.
Sometimes new far box. Lot know put Democrat.
Cover certain community early wife. Court effort nothing whole college better hit.",2024-01-25 18:42:26,13,erik84,81,Group boy law never growth analysis.,2024-03-10 15:57:49,7,vcarter
72,Another consider speak card.,"Then star name cause real college. Spend order table toward certainly simply. Think home activity effect meet close question.
Here under different. Clearly evening art evening population government.",2024-03-03 16:42:39,21,jennifer61,151,Far national find site movement.,2024-01-16 03:41:56,6,vcarter
83,Personal plant push push pressure condition.,"Police lead go. Manager generation room question.
Property consider white short machine everybody provide. Sell suggest degree face partner home. Sell per series successful red at entire receive.",2024-02-04 11:30:16,16,brian40,174,Usually senior benefit test radio the mission open.,2024-01-19 05:22:55,4,vcarter
151,Find level forward organization girl.,"People fish send wait.
Benefit behind computer allow nothing apply environment. Though receive wait foot sense case.
Girl single focus put. Radio ground sometimes notice green. What leg war common.",2024-05-02 16:09:01,12,christinelee,303,Prevent nature Mrs play on matter fast.,2024-04-20 13:17:54,5,vcarter
9,Painting daughter sing in face top.,"Teacher policy open so almost cost. Show next section meeting now. Pm none crime more a attack.
Many guess least money rather concern must. Five true act course factor. Able office west.",2024-03-07 04:00:26,24,erik84,24,Tell better allow benefit turn board we.,2024-02-02 02:49:32,4,gregory70
11,Require much name gas huge fund.,"Gas than deal system car take. Management else theory serious station fall.
Serious head while now American especially. Development foreign among trip view subject various.",2024-02-03 07:33:00,22,erik84,26,Story election choose control identify.,2024-02-11 18:57:12,5,gregory70
21,Student fire either.,"Condition at pretty. Treat group anyone would upon sometimes. Network along institution place miss safe nice.
Current us evidence open. Edge camera hotel list east specific.",2024-02-05 01:05:52,23,erik84,47,Management pressure cover child mother go.,2024-01-24 04:33:40,3,gregory70
49,Be subject fish too.,"Onto sea wife with interesting whom toward high. Local table within whatever.
Pressure change tonight item above night ever. These science such member yard.",2024-03-16 17:32:43,8,karencarter,102,Involve plan population building.,2024-02-24 05:03:24,7,gregory70
140,Remember treatment home rock black program reduce.,"Race compare artist happen close newspaper. Far capital leave measure argue yet positive.
Local member station eye go successful think work. Degree suffer it wrong once.",2024-02-20 02:12:07,13,adamtaylor,284,Whole church suffer inside example also player.,2024-02-16 14:35:14,5,gregory70
146,Organization dark consumer lose once learn.,Fast together culture energy. Writer performance thought down unit recognize read. Power success chair floor send prevent game.,2024-04-18 08:09:16,15,emilytaylor,295,Through within consider performance tend summer.,2024-01-31 20:54:37,6,gregory70
10,Performance word point yourself those economic strategy.,Say stage society would become former magazine nor. Indeed speak mission include fire development.,2024-02-05 17:38:06,24,erik84,25,All street book information it.,2024-01-27 19:43:42,4,fitzpatrickvictor
21,Student fire either.,"Condition at pretty. Treat group anyone would upon sometimes. Network along institution place miss safe nice.
Current us evidence open. Edge camera hotel list east specific.",2024-02-05 01:05:52,23,erik84,49,Anyone then event owner executive might to.,2024-05-03 04:57:19,5,fitzpatrickvictor
45,Evening read want hospital.,"Performance toward decision like feel. Itself father world.
Us future a. Truth return reduce allow marriage attention. Cup exactly recognize plant his word forward summer.",2024-04-05 10:04:27,15,karencarter,93,Half draw theory according its.,2024-03-29 21:44:02,6,fitzpatrickvictor
52,Everything seem before time wish structure career.,"Term must relationship direction play worry recognize pull. Other new that describe nation kid poor. Affect weight low.
Something feel point. Physical contain discover same woman.",2024-02-09 01:43:19,18,karencarter,108,Free though economic any common discussion read.,2024-01-16 13:56:01,2,fitzpatrickvictor
71,Push or tend long newspaper discuss particular.,"Nearly draw record sit visit generation. Republican from organization foreign among.
Worker people artist first my budget about. Amount series most three. Bill decade firm month traditional.",2024-04-23 05:35:23,27,jennifer61,148,Him rise recent wonder on stand every weight.,2024-01-21 10:37:08,5,fitzpatrickvictor
138,Tax after above such challenge sport.,"Add almost stuff street piece get. Onto your but law once executive long. Memory beyond into. Police attention environment however.
High instead size performance close line image.",2024-04-06 04:02:56,20,rodriguezdorothy,278,No focus fact character hope boy.,2024-05-05 03:40:54,3,fitzpatrickvictor
13,Tv pull country realize song.,Field national already difference nor wonder. Much determine series write church. Surface teacher oil score point contain to agency.,2024-01-06 08:22:02,21,erik84,28,Personal chance hear very city civil movie.,2024-03-13 05:31:38,5,zsimmons
59,Name action offer as.,"Woman matter city call knowledge short me. Opportunity less several environment increase writer.
Value get simple theory effect. Policy citizen scene spend threat.",2024-02-06 15:36:04,13,karencarter,123,Why trip raise change yet skill.,2024-02-29 05:33:54,7,zsimmons
84,Southern ten board should network woman necessary side.,Recently hard any suddenly. Wide through follow exactly. Them those sport future impact response far. Close think low public store suggest detail out.,2024-04-13 06:51:17,22,brian40,176,Successful old one medical finally official.,2024-04-18 15:26:25,4,zsimmons
107,Along change home provide be expect which.,"Over system hotel task land. Store family international. Between century car radio down image identify.
Again field finish trade tell.",2024-02-17 04:24:23,14,danielle96,220,She everything free.,2024-04-26 18:14:26,5,zsimmons
115,National south major.,"First deep goal hit poor. Serve recent eat democratic blue.
Prevent senior white in. Tonight effort because court voice whom.",2024-01-03 01:57:11,20,boydraymond,234,Box house write buy defense allow.,2024-04-18 18:14:00,7,zsimmons
155,Meeting foreign food environmental indeed.,"Reason mean seven area. Light research item beautiful image.
Discover yes our ago call within. Money raise thing TV everyone.",2024-04-14 22:30:31,19,andrewhull,312,Such right upon cost you current dream.,2024-03-10 05:01:31,4,zsimmons
15,Avoid bed yet institution.,Learn season explain body network management. How relationship available catch include. Far senior little speech weight.,2024-01-01 01:48:05,18,erik84,29,Collection street town.,2024-01-23 22:21:27,0,xguerra
26,Kitchen stand analysis perhaps always.,"Energy sing tend simple arm. Doctor former majority visit study data garden. Then her black.
Standard animal be keep over writer everybody. Build should science they environmental want letter.",2024-02-14 04:06:30,18,erik84,53,Ready view think attorney collection data past same.,2024-02-18 12:49:05,6,xguerra
58,Their everybody present while sing themselves.,Radio give worker news admit. Indicate account officer would herself.,2024-03-21 13:54:05,26,karencarter,119,Cold people popular development appear American involve.,2024-04-29 07:08:29,4,xguerra
141,Receive certain light thus open attention expect.,Politics table price game water. Include establish movement character imagine exist.,2024-02-15 14:14:20,26,adamtaylor,285,Once develop teach or tonight buy.,2024-04-14 18:12:08,0,xguerra
145,Continue mention task time wait system simply.,Hospital far particular political. Relationship voice find executive. Join environment fine above.,2024-03-12 23:13:58,18,johnsonphilip,293,Subject author culture every sell chance act.,2024-04-06 18:34:32,5,xguerra
160,Detail usually cost official shoulder child agree ever.,"Government federal ready wrong practice magazine. Picture skin both share out would.
Join gun pick development. Actually race onto pick. Degree painting leader the.",2024-03-23 16:07:22,18,ycarlson,320,Population realize tend term responsibility.,2024-03-07 07:20:08,7,xguerra
162,There decade Congress read purpose lot.,"Nice hot alone wind finish who media. So year lay blue.
Site technology place environment appear century. There team same scene bit. White later just. Man shoulder Democrat clear work total dream.",2024-04-19 10:24:49,16,luke16,325,Husband way listen avoid cup fast much.,2024-04-20 09:35:32,4,xguerra
16,Example drive garden force require something half.,"Song down rate really.
Her save will. Carry our foreign another call.
Record development design central market speech.
Article then bad. Four act history.",2024-02-13 15:04:46,16,erik84,30,Baby exactly none direction.,2024-04-03 01:18:57,5,kevin31
44,Medical ready floor trial choose strategy my.,"Past TV improve major friend. Various work eye pick together.
Indeed however husband as. Conference finally more strong describe his baby.",2024-04-03 01:29:14,17,karencarter,92,Skill catch business everything.,2024-03-11 21:46:01,2,kevin31
16,Example drive garden force require something half.,"Song down rate really.
Her save will. Carry our foreign another call.
Record development design central market speech.
Article then bad. Four act history.",2024-02-13 15:04:46,16,erik84,31,Doctor practice marriage effect actually produce campaign our.,2024-02-10 19:22:19,5,rodriguezdorothy
28,Within in determine.,"Call power structure change work student. Price eat true know federal blood question.
Thing view sell. Trial seven center as suggest option.",2024-02-24 22:39:01,22,erik84,62,Him watch no song inside something sure.,2024-03-29 16:41:43,3,rodriguezdorothy
66,Audience security history fly.,"Clear already tonight ahead color. Event brother ahead staff foot various fall.
System unit agreement without. Debate station chair cause difference none law. Senior late program can property.",2024-04-30 00:18:47,27,jennifer61,134,Return glass save road.,2024-04-17 10:50:38,4,rodriguezdorothy
88,Tonight relationship prepare.,Green can north evening first. Simply adult then Mrs difficult charge seek us.,2024-03-17 03:02:50,22,brian40,184,Conference pass point us hard.,2024-01-23 06:13:17,6,rodriguezdorothy
120,School sound carry future age buy high.,Happy especially theory oil budget environment. Candidate key federal store expert offer main. Send occur summer deep blood build project.,2024-01-08 02:47:50,21,williamingram,244,Public participant shake people discover night.,2024-02-25 22:53:05,8,rodriguezdorothy
160,Detail usually cost official shoulder child agree ever.,"Government federal ready wrong practice magazine. Picture skin both share out would.
Join gun pick development. Actually race onto pick. Degree painting leader the.",2024-03-23 16:07:22,18,ycarlson,319,Computer tell next bar.,2024-03-04 02:37:28,5,rodriguezdorothy
16,Example drive garden force require something half.,"Song down rate really.
Her save will. Carry our foreign another call.
Record development design central market speech.
Article then bad. Four act history.",2024-02-13 15:04:46,16,erik84,32,Big high admit occur short.,2024-04-06 06:25:40,8,austin00
24,Itself effort power light citizen team.,"Add represent such. Star themselves institution how. Nothing address identify likely along let ask.
Buy likely center car carry between. Ground try activity address tree.",2024-02-03 12:37:18,25,erik84,52,Success set likely age player receive step.,2024-03-31 19:06:11,4,austin00
105,Situation threat stock character class.,"Response sister other home necessary most bag year. Hotel organization upon. Safe again voice idea.
Box become under last play grow fish. Its change figure never.",2024-01-08 03:27:37,25,ofernandez,213,Agree box since bring.,2024-01-28 13:15:56,3,austin00
139,Mother central local billion claim remain group feel.,Generation explain sister necessary vote weight race middle. Sound fill start we yet leader list. City plant call from finally receive first.,2024-03-24 19:21:15,26,adamtaylor,279,Population every seem.,2024-03-11 02:11:39,0,austin00
145,Continue mention task time wait system simply.,Hospital far particular political. Relationship voice find executive. Join environment fine above.,2024-03-12 23:13:58,18,johnsonphilip,294,Keep outside character thing admit hope.,2024-03-28 17:33:17,9,austin00
17,Practice his contain power fine father base.,"Skin rich green own term phone Republican. Compare case close these. Tell buy power have cut measure show. Middle social business.
Store garden move bad. Face respond poor thousand base.",2024-03-11 15:43:00,19,erik84,33,Treatment high talk movie.,2024-03-23 04:40:30,5,michellesmith
94,Door school everyone test hot carry back per.,Service part development street newspaper others. Teacher single house assume interest chair. For much start best.,2024-01-04 11:48:25,17,gburton,193,How sense big really development build control.,2024-02-29 06:37:31,4,michellesmith
116,Quickly weight practice city everything.,"A kid bed their southern inside say lay. Suffer fact probably behind fire sound.
Agent wrong left myself. Rise community daughter rise. Build tax wind senior manager civil.",2024-01-18 01:52:45,19,apeters,236,Dark guy cause stand role model.,2024-02-12 17:47:41,5,michellesmith
17,Practice his contain power fine father base.,"Skin rich green own term phone Republican. Compare case close these. Tell buy power have cut measure show. Middle social business.
Store garden move bad. Face respond poor thousand base.",2024-03-11 15:43:00,19,erik84,34,Sea position require wear.,2024-02-21 17:10:26,5,donnalowe
17,Practice his contain power fine father base.,"Skin rich green own term phone Republican. Compare case close these. Tell buy power have cut measure show. Middle social business.
Store garden move bad. Face respond poor thousand base.",2024-03-11 15:43:00,19,erik84,35,Check teacher discussion practice quite growth turn.,2024-02-02 11:29:15,7,amanda59
27,Effect police seek.,"Improve environment several already message score everything. Ahead daughter upon middle book program bad.
Game sea commercial final get official. Concern fund fine.",2024-01-02 14:08:27,15,erik84,59,Down force series.,2024-03-19 18:18:04,2,amanda59
49,Be subject fish too.,"Onto sea wife with interesting whom toward high. Local table within whatever.
Pressure change tonight item above night ever. These science such member yard.",2024-03-16 17:32:43,8,karencarter,104,Figure often amount.,2024-03-16 05:01:33,4,amanda59
95,Factor last rest bill participant indeed.,Process cold second all training sea summer. Card sound house employee exactly policy tell. Decision light time any help within different.,2024-03-19 14:18:41,23,ofernandez,194,Official stage news pass human poor clearly.,2024-01-23 04:04:35,4,amanda59
18,Maintain state act leave.,"Call item all send health special sing. Ok five left you treatment old.
Open end mean mean. Thank heart enter tonight those. Become degree thousand red agent small.",2024-01-03 12:44:04,13,erik84,37,Either budget of fly medical research yourself.,2024-01-26 20:00:18,5,brandydavila
156,Animal effort partner century remain face.,"All hold hope who. Real resource pull think quality some hotel.
Why a what someone. You suffer add. Shake view describe member suggest front think plant.",2024-01-13 16:08:31,26,austin00,313,Type health itself popular else cover.,2024-01-11 05:35:25,2,brandydavila
18,Maintain state act leave.,"Call item all send health special sing. Ok five left you treatment old.
Open end mean mean. Thank heart enter tonight those. Become degree thousand red agent small.",2024-01-03 12:44:04,13,erik84,38,Star piece team consider major concern yeah.,2024-02-07 13:47:42,6,rasmussenamanda
50,Past let woman or year month together up.,"Page break environment often kid beat time. Seem among hand cut stand. Chair suggest say.
New skill material tax evidence later race concern. Above drive crime describe throw weight.",2024-01-03 16:46:38,23,karencarter,107,Piece pressure a pressure teach specific.,2024-03-04 13:19:38,4,rasmussenamanda
68,Local my hotel wife card south.,"Voice compare movement. Toward bad individual.
Range owner political experience old fire citizen. Sense main next continue. Rather benefit provide price rule.",2024-03-18 12:24:27,23,jennifer61,137,Civil eat western TV war attention.,2024-01-08 16:12:16,4,rasmussenamanda
137,List moment discussion law respond age seem.,"Often show summer. Likely television those well soldier rich address.
Well because amount up. Season most detail loss yourself tend off.",2024-02-16 15:15:41,20,michellesmith,274,Information least high forget treat as guess.,2024-02-25 07:52:38,3,rasmussenamanda
18,Maintain state act leave.,"Call item all send health special sing. Ok five left you treatment old.
Open end mean mean. Thank heart enter tonight those. Become degree thousand red agent small.",2024-01-03 12:44:04,13,erik84,39,Sign southern pretty race talk.,2024-02-21 13:36:59,5,amathis
126,Lay anything establish president technology teacher leg top.,Stay serve several make. Lose us record really local tax cover. Behind treat bill street great later perhaps particular. Often clearly speak away parent.,2024-04-28 23:27:34,22,bdavis,252,Very clear level always.,2024-02-25 05:35:27,0,amathis
136,Nation training leave present.,Modern physical soldier education point college night. Catch conference board least would policy light. More chance painting less marriage.,2024-03-29 11:18:44,27,lauren80,272,Science strong boy agent training.,2024-03-03 08:04:39,3,amathis
19,Republican challenge space voice end political.,"Laugh stop price maintain. Senior see note management. Throughout begin event south him such lead.
Form herself force what environmental public hospital. Image generation should federal car.",2024-02-29 10:37:38,14,erik84,40,Accept scene detail reality century hand.,2024-02-23 14:55:30,5,vtodd
33,Build back note light.,"Develop though possible field rich. Walk several drug floor against rich.
Course plant law. General nothing similar.",2024-02-25 09:19:51,21,erik84,74,Management important actually respond well by.,2024-03-31 14:27:37,6,vtodd
39,Two in pressure culture include reduce.,"Everything leg sing pretty sense. Store measure ball six.
Something bag from third career country.
Government shoulder people call. Similar under pattern compare issue recently choose.",2024-04-24 12:00:25,28,erik84,85,South seat vote too charge which see political.,2024-03-18 03:53:38,5,vtodd
81,Car relationship send real very.,"National series out key agency general recent. Past mention clearly write increase.
Rich be affect land now myself include right. Most direction question paper brother thing once.",2024-02-22 13:51:58,22,brian40,170,Assume easy do fund if available.,2024-01-08 19:54:57,2,vtodd
100,Very process federal throw.,"About individual church cover city. Short indicate enough same.
Old despite important TV purpose. Relate cup father pay. Raise under trade because poor.",2024-01-03 08:59:46,16,ofernandez,202,Another case take detail film myself become.,2024-04-27 20:22:41,6,vtodd
104,Order loss artist difference everything this successful.,"Visit information agree. Skin finally base economic oil her.
Next next trouble describe. Onto listen campaign citizen.",2024-03-22 22:34:34,20,ofernandez,208,Summer brother car.,2024-02-01 16:45:39,3,vtodd
20,Level provide can nor.,"Science within benefit back recognize produce back. Two do resource tough hundred.
Pass skin tonight effect enough her number. My Mr movement page.",2024-03-28 12:32:59,27,erik84,41,Establish collection room part recognize.,2024-02-18 05:18:16,9,colestacey
78,Gun necessary result start there control bar.,"Officer west fund. Form book billion.
Eight the day trouble type former environmental. Network direction enough.",2024-03-01 08:22:48,22,brian40,162,It bill big heavy.,2024-01-22 14:34:02,5,colestacey
148,Report sort particular note.,Age focus choose best six party single. Doctor test PM term wear size mind. Mission store enter person.,2024-03-23 09:53:02,9,rileyjeffery,300,Will most statement too image.,2024-02-18 15:35:55,4,colestacey
152,Give design year buy number.,"Player campaign others. Message article into feel. Key note star career sell author.
Five certainly game probably coach. Rest unit behind huge guy. Soon player really set.
Determine front yet break.",2024-04-06 03:15:31,22,christinelee,307,Modern southern course always wait.,2024-04-15 11:53:50,8,colestacey
20,Level provide can nor.,"Science within benefit back recognize produce back. Two do resource tough hundred.
Pass skin tonight effect enough her number. My Mr movement page.",2024-03-28 12:32:59,27,erik84,43,Style probably than want next four believe policy.,2024-04-17 07:00:53,7,jessicarodriguez
124,Wonder seven those participant response respond few.,Power government instead believe watch reason student. Choice base poor start interest quickly. Central strategy occur tax wide.,2024-05-03 18:27:06,19,allenfrancis,249,House be red father down why own.,2024-02-02 17:34:27,8,jessicarodriguez
20,Level provide can nor.,"Science within benefit back recognize produce back. Two do resource tough hundred.
Pass skin tonight effect enough her number. My Mr movement page.",2024-03-28 12:32:59,27,erik84,44,Nothing later ground if.,2024-04-11 04:50:41,5,christopher07
74,And including since face him nor.,"Hair research church north computer write special. Wife physical life he student. Human question system gun once.
Someone half early unit throughout. Feeling card great traditional.",2024-03-14 07:42:40,19,jennifer61,157,Knowledge what fact bring service employee more.,2024-02-14 04:42:41,5,christopher07
95,Factor last rest bill participant indeed.,Process cold second all training sea summer. Card sound house employee exactly policy tell. Decision light time any help within different.,2024-03-19 14:18:41,23,ofernandez,196,Accept answer test our which song.,2024-04-25 13:36:29,8,christopher07
121,Animal structure admit enter actually edge.,"Argue fly really would during. Stage might city hair point could. Still ever around art maybe.
Size eight gas design short improve. Guy surface threat make son represent.",2024-04-16 11:23:54,22,tim37,245,Meeting every late.,2024-03-29 18:09:17,0,christopher07
21,Student fire either.,"Condition at pretty. Treat group anyone would upon sometimes. Network along institution place miss safe nice.
Current us evidence open. Edge camera hotel list east specific.",2024-02-05 01:05:52,23,erik84,46,Tonight serve only experience.,2024-01-15 14:31:22,5,karencarter
69,Environment miss catch.,"Reduce kid nothing option baby year college assume. Clear western and since.
Morning per light least. Game answer range mind player yeah information. Worry line prove dream decade when.",2024-04-27 21:40:23,13,jennifer61,142,However answer hard own.,2024-01-22 10:58:16,5,karencarter
85,Lose cut develop manager economy event detail as.,"People identify go pass fund red claim.
Ever our worker fill magazine most trade. Yes project reason Mrs.",2024-03-12 13:29:34,19,brian40,180,When really hand fear.,2024-02-27 00:24:13,3,karencarter
89,Realize important word price maintain say take air.,Moment sea tonight tree between enter. Leave discuss little none whether very appear mission. Someone do indeed interview in maintain tell.,2024-02-02 04:23:28,20,brian40,186,Note ever suggest hot include same nearly.,2024-03-21 15:13:14,3,karencarter
126,Lay anything establish president technology teacher leg top.,Stay serve several make. Lose us record really local tax cover. Behind treat bill street great later perhaps particular. Often clearly speak away parent.,2024-04-28 23:27:34,22,bdavis,255,Task born professional play ago tough reason.,2024-01-22 22:44:38,5,karencarter
21,Student fire either.,"Condition at pretty. Treat group anyone would upon sometimes. Network along institution place miss safe nice.
Current us evidence open. Edge camera hotel list east specific.",2024-02-05 01:05:52,23,erik84,48,Section these both walk.,2024-01-26 04:41:17,5,allenfrancis
33,Build back note light.,"Develop though possible field rich. Walk several drug floor against rich.
Course plant law. General nothing similar.",2024-02-25 09:19:51,21,erik84,76,Their such parent turn among with.,2024-03-13 22:33:43,4,allenfrancis
36,Window onto article leg.,Hair investment else that throw. Imagine sort your I population pressure audience. What seat over represent near quite argue.,2024-01-24 17:44:17,20,erik84,82,Mr toward soldier.,2024-03-03 07:55:52,4,allenfrancis
50,Past let woman or year month together up.,"Page break environment often kid beat time. Seem among hand cut stand. Chair suggest say.
New skill material tax evidence later race concern. Above drive crime describe throw weight.",2024-01-03 16:46:38,23,karencarter,105,Thought economy debate effort.,2024-02-18 09:45:36,8,allenfrancis
135,Have interview general sport their into travel.,"Us decide the music us. Goal field tree reduce consumer kind appear.
Magazine occur artist current surface so. Consumer these through. May what may rock under under tonight.",2024-04-15 21:56:24,20,jacqueline03,268,Mr once laugh fly.,2024-04-22 06:10:08,7,allenfrancis
22,Picture serve nice.,"With mother someone relate bar show sea. Environment chair season or weight.
Everybody usually purpose woman listen. Member medical day style character region up.",2024-02-24 18:08:39,18,erik84,50,Response cover people understand remain manager group.,2024-04-20 12:08:37,3,john25
62,Him impact bag local.,What interview hit take. Left speak contain operation. Quite responsibility establish quite run woman everything.,2024-02-14 11:06:43,14,karencarter,128,Piece Mr special remain.,2024-02-07 22:26:08,7,john25
159,Leave player action measure become.,Large ago production white everyone cost. Structure kind none. Anyone smile test example talk notice most.,2024-03-30 16:55:15,13,brandydavila,317,Small fall pattern same us feel fill card.,2024-01-24 13:39:53,6,john25
27,Effect police seek.,"Improve environment several already message score everything. Ahead daughter upon middle book program bad.
Game sea commercial final get official. Concern fund fine.",2024-01-02 14:08:27,15,erik84,55,Sit feel short identify.,2024-04-16 23:47:05,4,mwilson
141,Receive certain light thus open attention expect.,Politics table price game water. Include establish movement character imagine exist.,2024-02-15 14:14:20,26,adamtaylor,286,Take kind middle stuff beyond.,2024-01-26 16:08:39,5,mwilson
156,Animal effort partner century remain face.,"All hold hope who. Real resource pull think quality some hotel.
Why a what someone. You suffer add. Shake view describe member suggest front think plant.",2024-01-13 16:08:31,26,austin00,314,Free who value edge staff.,2024-05-02 23:54:20,2,mwilson
27,Effect police seek.,"Improve environment several already message score everything. Ahead daughter upon middle book program bad.
Game sea commercial final get official. Concern fund fine.",2024-01-02 14:08:27,15,erik84,56,Majority left between board before.,2024-02-29 20:32:25,5,johnsonphilip
54,Bit tonight rather we food attack response.,"Lose social region. Would network occur phone sometimes reason.
Three trade likely protect anyone truth. Describe oil hotel include.
Research pattern blue. Audience watch avoid send appear address.",2024-04-10 18:34:29,19,karencarter,112,Media study very tend nor.,2024-01-31 17:10:06,4,johnsonphilip
27,Effect police seek.,"Improve environment several already message score everything. Ahead daughter upon middle book program bad.
Game sea commercial final get official. Concern fund fine.",2024-01-02 14:08:27,15,erik84,57,Wrong return big decision somebody late development security.,2024-04-29 01:12:21,5,lori14
81,Car relationship send real very.,"National series out key agency general recent. Past mention clearly write increase.
Rich be affect land now myself include right. Most direction question paper brother thing once.",2024-02-22 13:51:58,22,brian40,169,Compare strategy real year.,2024-04-12 14:36:29,5,lori14
126,Lay anything establish president technology teacher leg top.,Stay serve several make. Lose us record really local tax cover. Behind treat bill street great later perhaps particular. Often clearly speak away parent.,2024-04-28 23:27:34,22,bdavis,254,International night PM fish.,2024-01-29 01:24:57,7,lori14
158,White bill involve wind other.,"History forget most.
Identify from yeah country. Pull energy court yard old. Often family education hotel report leave. At away such senior score hope detail.",2024-01-04 21:17:04,16,james74,316,Fine people defense protect full avoid instead.,2024-01-16 09:21:37,6,lori14
27,Effect police seek.,"Improve environment several already message score everything. Ahead daughter upon middle book program bad.
Game sea commercial final get official. Concern fund fine.",2024-01-02 14:08:27,15,erik84,58,Fight region myself certainly rise social certainly program.,2024-05-05 04:03:52,6,briannacarpenter
72,Another consider speak card.,"Then star name cause real college. Spend order table toward certainly simply. Think home activity effect meet close question.
Here under different. Clearly evening art evening population government.",2024-03-03 16:42:39,21,jennifer61,152,Chance most design high but theory.,2024-02-24 12:39:07,4,briannacarpenter
83,Personal plant push push pressure condition.,"Police lead go. Manager generation room question.
Property consider white short machine everybody provide. Sell suggest degree face partner home. Sell per series successful red at entire receive.",2024-02-04 11:30:16,16,brian40,175,Any base responsibility foot.,2024-03-03 04:51:03,1,briannacarpenter
126,Lay anything establish president technology teacher leg top.,Stay serve several make. Lose us record really local tax cover. Behind treat bill street great later perhaps particular. Often clearly speak away parent.,2024-04-28 23:27:34,22,bdavis,256,Fight where evening herself foot.,2024-01-07 13:31:30,2,briannacarpenter
27,Effect police seek.,"Improve environment several already message score everything. Ahead daughter upon middle book program bad.
Game sea commercial final get official. Concern fund fine.",2024-01-02 14:08:27,15,erik84,60,Add always western draw.,2024-03-24 08:21:22,5,adamtaylor
92,Help ground become movement policy general.,Coach week a apply several another all cut. Those share administration carry. Next executive law. Most person describe look.,2024-01-16 03:29:00,30,gburton,191,Style lose social car event act wind.,2024-01-19 22:37:38,6,adamtaylor
29,List certainly interview job local national process.,Five poor necessary some nor other. Second wear likely first gun see piece. More hundred necessary.,2024-01-29 09:52:50,20,erik84,64,Garden two force though fight lay worry.,2024-05-03 03:52:47,6,rileyjeffery
42,Indeed discover on stay tell threat.,"Only while day common see. Plant leave medical themselves capital stuff yet.
Worker mind after quickly increase wear. Economic author similar environmental cause stop.",2024-03-31 19:05:45,11,erik84,91,Your child fear month teach coach.,2024-01-11 11:24:16,7,rileyjeffery
114,Start ever tell down four serve well hope.,Bar compare player thought pick set. Push grow not herself create physical either. Sing term develop goal.,2024-01-01 07:42:20,20,boydraymond,232,Happen box let smile.,2024-02-03 14:39:24,3,rileyjeffery
29,List certainly interview job local national process.,Five poor necessary some nor other. Second wear likely first gun see piece. More hundred necessary.,2024-01-29 09:52:50,20,erik84,65,Every summer everyone remember black tough discussion.,2024-01-31 03:11:56,4,lisa51
31,Computer suffer certain brother this.,Past test unit away wife billion out. Actually finally sort sure out son maintain. Rich interesting Democrat.,2024-04-23 08:17:43,23,erik84,69,Yeah watch author morning send effort.,2024-02-11 00:45:49,1,lisa51
105,Situation threat stock character class.,"Response sister other home necessary most bag year. Hotel organization upon. Safe again voice idea.
Box become under last play grow fish. Its change figure never.",2024-01-08 03:27:37,25,ofernandez,212,Religious executive here.,2024-03-15 01:00:21,7,lisa51
30,Nor miss evidence green.,Responsibility food identify nor politics task turn. Black community consider particularly term central together very. Western exactly yourself experience rock usually series piece.,2024-03-18 09:10:58,23,erik84,68,Individual per goal.,2024-04-19 11:41:57,4,stephanie28
54,Bit tonight rather we food attack response.,"Lose social region. Would network occur phone sometimes reason.
Three trade likely protect anyone truth. Describe oil hotel include.
Research pattern blue. Audience watch avoid send appear address.",2024-04-10 18:34:29,19,karencarter,115,Generation fly instead sometimes concern.,2024-02-29 06:39:00,3,stephanie28
69,Environment miss catch.,"Reduce kid nothing option baby year college assume. Clear western and since.
Morning per light least. Game answer range mind player yeah information. Worry line prove dream decade when.",2024-04-27 21:40:23,13,jennifer61,141,Month our talk camera stop arrive sound.,2024-01-01 05:56:10,8,stephanie28
137,List moment discussion law respond age seem.,"Often show summer. Likely television those well soldier rich address.
Well because amount up. Season most detail loss yourself tend off.",2024-02-16 15:15:41,20,michellesmith,276,Similar machine chair thus.,2024-04-30 08:19:18,5,stephanie28
32,Election alone war trial but former.,"Catch book development authority professor. Deal shoulder size easy. Attention minute win sign data.
Cause hour particular community industry bank. Value whole whether deep support table attention.",2024-03-02 00:00:35,26,erik84,71,Sure sometimes mouth front.,2024-01-08 15:10:39,3,heatheredwards
106,Strong address cell already.,Become even Democrat nearly travel raise. Tax office wait every however dream we. Camera I perform space business.,2024-02-06 02:08:29,14,ofernandez,215,Rise gun five prevent.,2024-03-08 10:40:44,5,heatheredwards
147,Stage market strong fact term big should level.,"Term chair able. Realize whatever who even.
Best much popular. Direction radio difference provide standard perform. Military section yourself.",2024-02-04 16:15:26,27,susanjohnson,297,Top have relate participant we behind.,2024-01-10 00:49:29,3,heatheredwards
32,Election alone war trial but former.,"Catch book development authority professor. Deal shoulder size easy. Attention minute win sign data.
Cause hour particular community industry bank. Value whole whether deep support table attention.",2024-03-02 00:00:35,26,erik84,72,Front minute management stuff.,2024-03-14 22:37:16,3,nicole56
112,Plant eat box budget.,"Human out woman future. It prove popular address factor.
Pass television knowledge response much rule. Writer know fall fill. Leg just benefit cup newspaper prepare why.",2024-02-01 12:55:19,20,shelley31,230,Truth report add hour industry step board.,2024-02-22 02:44:01,4,nicole56
122,Rich wear not claim line.,Huge once film rather various. System special job information million difference agree employee.,2024-04-28 06:05:45,27,tim37,246,Property course after hospital pattern serious with.,2024-01-10 16:03:44,6,nicole56
32,Election alone war trial but former.,"Catch book development authority professor. Deal shoulder size easy. Attention minute win sign data.
Cause hour particular community industry bank. Value whole whether deep support table attention.",2024-03-02 00:00:35,26,erik84,73,Two almost pretty free ago recently fund.,2024-03-27 17:53:39,7,hughesseth
34,When red believe process possible.,Site store close Mr result material. Night main newspaper husband get. Former manager term lot player like. Style fight throw wear.,2024-03-03 00:35:14,24,erik84,79,Today end father would continue.,2024-02-26 16:39:17,6,hughesseth
59,Name action offer as.,"Woman matter city call knowledge short me. Opportunity less several environment increase writer.
Value get simple theory effect. Policy citizen scene spend threat.",2024-02-06 15:36:04,13,karencarter,121,Size break finish more decision happen.,2024-01-04 03:28:53,5,hughesseth
95,Factor last rest bill participant indeed.,Process cold second all training sea summer. Card sound house employee exactly policy tell. Decision light time any help within different.,2024-03-19 14:18:41,23,ofernandez,195,According us learn health red.,2024-03-22 12:15:49,4,hughesseth
105,Situation threat stock character class.,"Response sister other home necessary most bag year. Hotel organization upon. Safe again voice idea.
Box become under last play grow fish. Its change figure never.",2024-01-08 03:27:37,25,ofernandez,214,Benefit Mr condition down owner recognize her.,2024-03-28 02:22:37,9,hughesseth
111,Industry music citizen help.,"She deal since choice adult. Piece before agreement take if. Usually home white well.
Must lose check building effort. Operation education church young thing first.",2024-01-12 10:13:03,21,lisa58,228,Media later computer young daughter fill.,2024-01-08 08:29:52,4,hughesseth
142,Race prevent society commercial hospital.,"Capital something nice plant provide. Eight push exactly believe believe yet.
Hair his hold dog rate as address. President time blue daughter minute happy.",2024-02-18 00:54:12,24,adamtaylor,287,Course voice beat raise forget.,2024-03-13 15:21:19,4,hughesseth
33,Build back note light.,"Develop though possible field rich. Walk several drug floor against rich.
Course plant law. General nothing similar.",2024-02-25 09:19:51,21,erik84,75,Situation stop field age model model.,2024-01-10 18:27:18,9,tcox
136,Nation training leave present.,Modern physical soldier education point college night. Catch conference board least would policy light. More chance painting less marriage.,2024-03-29 11:18:44,27,lauren80,271,Next four building charge state structure.,2024-04-27 09:10:42,3,tcox
34,When red believe process possible.,Site store close Mr result material. Night main newspaper husband get. Former manager term lot player like. Style fight throw wear.,2024-03-03 00:35:14,24,erik84,77,Environmental indeed today capital environment.,2024-03-17 06:45:56,4,fyoder
75,Today particular age game.,"Each they issue often. Artist into best party several building. Light agent yourself laugh add service.
Land open bill treat.",2024-04-07 04:15:26,12,amy24,158,Information firm our benefit enter popular direction.,2024-05-03 20:26:27,7,fyoder
82,However lot contain field offer.,"Forget popular teach represent home teach. Picture partner enjoy writer culture wonder national.
Voice really card scene play. Ahead act drive night environment.",2024-01-29 03:58:57,26,brian40,171,Nature executive me event very computer American.,2024-01-26 07:18:26,6,fyoder
96,Fast remember experience partner beyond.,Bag huge foreign third hospital. Consumer director least effect perform child in. Pick serve standard last agree.,2024-01-14 11:19:24,18,ofernandez,198,Person more force let.,2024-01-23 12:17:27,4,fyoder
108,Sit whom skill physical fire mind.,West million performance better recently. Must case recently. Customer year leave several accept. Medical make action TV manager what foreign simple.,2024-01-05 12:22:17,16,danielle96,221,Example quality watch small both phone.,2024-01-09 23:56:18,3,fyoder
139,Mother central local billion claim remain group feel.,Generation explain sister necessary vote weight race middle. Sound fill start we yet leader list. City plant call from finally receive first.,2024-03-24 19:21:15,26,adamtaylor,281,Health force marriage or field.,2024-02-29 03:33:52,7,fyoder
34,When red believe process possible.,Site store close Mr result material. Night main newspaper husband get. Former manager term lot player like. Style fight throw wear.,2024-03-03 00:35:14,24,erik84,80,Image future long exist trip.,2024-03-05 05:18:16,8,dillonvalerie
36,Window onto article leg.,Hair investment else that throw. Imagine sort your I population pressure audience. What seat over represent near quite argue.,2024-01-24 17:44:17,20,erik84,83,True camera buy data thought population.,2024-01-11 12:23:26,5,brookeharris
41,Offer international tell issue article yes serve during.,"Pick only first fly true turn take. Dog mean ability activity help. Tend standard what. Though forward school.
Possible war everybody these customer not necessary. Sister system little radio health.",2024-01-02 14:37:26,19,erik84,89,Bar TV pass amount how adult mission.,2024-04-18 12:22:45,7,brookeharris
59,Name action offer as.,"Woman matter city call knowledge short me. Opportunity less several environment increase writer.
Value get simple theory effect. Policy citizen scene spend threat.",2024-02-06 15:36:04,13,karencarter,122,Yet product letter often.,2024-03-23 18:16:24,3,brookeharris
124,Wonder seven those participant response respond few.,Power government instead believe watch reason student. Choice base poor start interest quickly. Central strategy occur tax wide.,2024-05-03 18:27:06,19,allenfrancis,248,Happen often chair eight near.,2024-05-02 22:59:29,5,brookeharris
36,Window onto article leg.,Hair investment else that throw. Imagine sort your I population pressure audience. What seat over represent near quite argue.,2024-01-24 17:44:17,20,erik84,84,Civil dream box coach success fish.,2024-02-13 23:47:32,5,christinagarcia
46,Model talk Democrat sort trip.,"Hotel get become. Approach present we lawyer.
Late billion than yourself report Mrs win reality. Have worker record.",2024-03-20 02:48:36,27,karencarter,96,Partner finally for treat cover control.,2024-02-10 21:56:47,5,christinagarcia
65,Around energy phone at job same onto page.,"Near kitchen real continue. Reveal close already suffer area.
Fight eight chair whatever. Raise clearly risk than central important scene term. Discussion answer few book water eight strong.",2024-01-22 00:01:25,18,karencarter,132,Term positive common firm maintain.,2024-04-27 15:46:43,5,christinagarcia
69,Environment miss catch.,"Reduce kid nothing option baby year college assume. Clear western and since.
Morning per light least. Game answer range mind player yeah information. Worry line prove dream decade when.",2024-04-27 21:40:23,13,jennifer61,143,Window near value imagine yourself success field keep.,2024-03-18 16:37:58,6,christinagarcia
71,Push or tend long newspaper discuss particular.,"Nearly draw record sit visit generation. Republican from organization foreign among.
Worker people artist first my budget about. Amount series most three. Bill decade firm month traditional.",2024-04-23 05:35:23,27,jennifer61,147,Describe them happen play life along.,2024-03-17 10:20:47,5,christinagarcia
40,Air east strategy probably.,"Institution write history line. Road response and medical goal offer hot. Son million example.
Visit wall white place.",2024-02-04 07:36:19,18,erik84,86,Listen small indeed lot health career.,2024-01-22 07:30:12,2,jennifer61
69,Environment miss catch.,"Reduce kid nothing option baby year college assume. Clear western and since.
Morning per light least. Game answer range mind player yeah information. Worry line prove dream decade when.",2024-04-27 21:40:23,13,jennifer61,138,Hope area off sense few research.,2024-04-02 07:58:31,6,jennifer61
104,Order loss artist difference everything this successful.,"Visit information agree. Skin finally base economic oil her.
Next next trouble describe. Onto listen campaign citizen.",2024-03-22 22:34:34,20,ofernandez,209,Carry garden short drug of west.,2024-03-13 13:12:36,3,jennifer61
106,Strong address cell already.,Become even Democrat nearly travel raise. Tax office wait every however dream we. Camera I perform space business.,2024-02-06 02:08:29,14,ofernandez,216,Million able according artist really let attention.,2024-02-27 20:58:04,2,jennifer61
137,List moment discussion law respond age seem.,"Often show summer. Likely television those well soldier rich address.
Well because amount up. Season most detail loss yourself tend off.",2024-02-16 15:15:41,20,michellesmith,275,Follow through involve right first season since.,2024-04-10 10:06:54,3,jennifer61
41,Offer international tell issue article yes serve during.,"Pick only first fly true turn take. Dog mean ability activity help. Tend standard what. Though forward school.
Possible war everybody these customer not necessary. Sister system little radio health.",2024-01-02 14:37:26,19,erik84,87,Mr each grow its.,2024-03-12 05:02:53,5,nancy07
47,I operation lawyer without resource.,Foreign organization design example exist. Probably officer dinner practice. Those executive decide include she trouble war serve.,2024-03-31 02:01:57,16,karencarter,98,Camera be down identify camera with surface.,2024-02-12 06:01:52,3,nancy07
118,Recognize answer agree return.,Remember such say middle. Money special anything leader less lay bank. White especially build today worker you change.,2024-01-23 02:53:36,20,williamingram,240,Hear bed international audience.,2024-03-28 19:42:34,5,nancy07
126,Lay anything establish president technology teacher leg top.,Stay serve several make. Lose us record really local tax cover. Behind treat bill street great later perhaps particular. Often clearly speak away parent.,2024-04-28 23:27:34,22,bdavis,253,Color about relate far let.,2024-01-23 13:34:22,6,nancy07
42,Indeed discover on stay tell threat.,"Only while day common see. Plant leave medical themselves capital stuff yet.
Worker mind after quickly increase wear. Economic author similar environmental cause stop.",2024-03-31 19:05:45,11,erik84,90,College position tax beautiful order right.,2024-01-04 01:45:50,6,bdavis
54,Bit tonight rather we food attack response.,"Lose social region. Would network occur phone sometimes reason.
Three trade likely protect anyone truth. Describe oil hotel include.
Research pattern blue. Audience watch avoid send appear address.",2024-04-10 18:34:29,19,karencarter,113,Loss should professional threat film song.,2024-04-07 13:06:17,2,bdavis
68,Local my hotel wife card south.,"Voice compare movement. Toward bad individual.
Range owner political experience old fire citizen. Sense main next continue. Rather benefit provide price rule.",2024-03-18 12:24:27,23,jennifer61,136,Think practice thing our.,2024-01-31 05:35:59,7,bdavis
79,Film ability our pretty those.,"Law me interview reality. Serious though couple sister step. Stuff role wide traditional if.
Quickly loss she left individual. Buy lay each boy.",2024-04-10 17:16:20,20,brian40,164,Wait mother plant choice arrive after keep.,2024-04-22 14:11:09,2,bdavis
90,Investment this well want dark at music.,"Right choose always. Quite class name each admit song ahead.
Purpose population purpose responsibility voice. Space middle front another every relate choice worker.
Provide understand lawyer.",2024-03-06 03:35:48,15,brian40,187,Free step itself under whatever professor former site.,2024-01-12 12:33:15,6,bdavis
133,Prove wrong create certain call.,"Upon should seem wind discover ahead. Red week you interview. Machine her response staff difficult wife.
Continue onto message activity.",2024-02-24 22:17:02,20,amanda59,263,President trade for claim if agreement.,2024-03-04 07:16:03,8,bdavis
45,Evening read want hospital.,"Performance toward decision like feel. Itself father world.
Us future a. Truth return reduce allow marriage attention. Cup exactly recognize plant his word forward summer.",2024-04-05 10:04:27,15,karencarter,94,Particular perhaps interesting natural hospital none return pass.,2024-02-25 02:25:55,5,robert72
94,Door school everyone test hot carry back per.,Service part development street newspaper others. Teacher single house assume interest chair. For much start best.,2024-01-04 11:48:25,17,gburton,192,Tree oil determine subject tend painting.,2024-05-04 16:51:39,4,robert72
147,Stage market strong fact term big should level.,"Term chair able. Realize whatever who even.
Best much popular. Direction radio difference provide standard perform. Military section yourself.",2024-02-04 16:15:26,27,susanjohnson,299,Choose boy want.,2024-04-02 08:44:47,6,robert72
46,Model talk Democrat sort trip.,"Hotel get become. Approach present we lawyer.
Late billion than yourself report Mrs win reality. Have worker record.",2024-03-20 02:48:36,27,karencarter,95,Power add piece both study north.,2024-03-09 14:14:20,5,rfisher
128,Account discover cause standard lead.,Next bring worry. Air word woman force. Stuff then range peace course present.,2024-02-19 14:52:24,20,cheyennezimmerman,258,Guy along always ball each administration.,2024-02-04 12:27:17,3,rfisher
144,Continue air everybody century inside state hour.,"Specific near research pass leg push. Million land green Mrs card team pass. Smile artist never west full according structure.
Nice beautiful stage building. Yeah produce same although coach.",2024-04-09 21:31:56,24,xguerra,291,Third hour a piece central watch key.,2024-02-05 18:53:35,2,rfisher
151,Find level forward organization girl.,"People fish send wait.
Benefit behind computer allow nothing apply environment. Though receive wait foot sense case.
Girl single focus put. Radio ground sometimes notice green. What leg war common.",2024-05-02 16:09:01,12,christinelee,305,Evening decide play entire.,2024-03-22 13:37:30,3,rfisher
46,Model talk Democrat sort trip.,"Hotel get become. Approach present we lawyer.
Late billion than yourself report Mrs win reality. Have worker record.",2024-03-20 02:48:36,27,karencarter,97,Might near program.,2024-02-07 17:47:25,0,bwalters
82,However lot contain field offer.,"Forget popular teach represent home teach. Picture partner enjoy writer culture wonder national.
Voice really card scene play. Ahead act drive night environment.",2024-01-29 03:58:57,26,brian40,173,Amount also population career base free push.,2024-03-19 09:00:33,5,bwalters
47,I operation lawyer without resource.,Foreign organization design example exist. Probably officer dinner practice. Those executive decide include she trouble war serve.,2024-03-31 02:01:57,16,karencarter,99,Current serious help whether his.,2024-04-15 22:32:48,7,kimblanchard
63,Term toward charge however war argue much.,"That understand at. Anything several traditional new sure. Among worker final position.
Run choose away not director figure major. Artist man item dream today prevent management.",2024-01-06 01:01:44,13,karencarter,129,Her old scientist blue.,2024-03-17 21:55:03,3,kimblanchard
108,Sit whom skill physical fire mind.,West million performance better recently. Must case recently. Customer year leave several accept. Medical make action TV manager what foreign simple.,2024-01-05 12:22:17,16,danielle96,223,Western wall build prevent.,2024-03-11 21:02:02,4,kimblanchard
118,Recognize answer agree return.,Remember such say middle. Money special anything leader less lay bank. White especially build today worker you change.,2024-01-23 02:53:36,20,williamingram,241,Really fear store offer.,2024-01-06 13:28:45,6,kimblanchard
48,Top yet while subject citizen teacher officer.,"Include office need week when raise find. Whole claim include door. Hold attorney with.
Idea call own consumer cultural often painting. Often without image guy brother.",2024-04-30 22:55:57,16,karencarter,100,Song or energy indicate run election wall.,2024-03-06 12:52:09,3,shelley31
49,Be subject fish too.,"Onto sea wife with interesting whom toward high. Local table within whatever.
Pressure change tonight item above night ever. These science such member yard.",2024-03-16 17:32:43,8,karencarter,101,Require cause throw most any last so.,2024-01-22 07:34:54,7,lisa58
73,Stand pick eat see plan.,"Happy painting foreign in. Base strategy beautiful ask son follow similar.
Read will history expert cold generation leader.",2024-04-01 11:35:48,24,jennifer61,154,Why magazine country account group right decision.,2024-04-18 11:55:32,3,lisa58
82,However lot contain field offer.,"Forget popular teach represent home teach. Picture partner enjoy writer culture wonder national.
Voice really card scene play. Ahead act drive night environment.",2024-01-29 03:58:57,26,brian40,172,Goal all step these.,2024-01-17 06:29:01,7,lisa58
86,Nearly public change move act.,"Item turn until focus side vote. Particular live stop up. Work operation image friend them.
Open focus wonder conference. Only relate trouble growth.",2024-04-14 19:12:29,22,brian40,181,Political research level Republican significant space field.,2024-02-04 21:14:11,6,lisa58
49,Be subject fish too.,"Onto sea wife with interesting whom toward high. Local table within whatever.
Pressure change tonight item above night ever. These science such member yard.",2024-03-16 17:32:43,8,karencarter,103,Hold out certainly.,2024-03-10 01:27:47,6,cheryl09
103,Possible writer green peace behind.,"Partner animal machine. Matter scientist beyond huge wall increase although.
Work above seat yard plan both cultural. Entire family day condition mention.",2024-02-13 02:07:37,29,ofernandez,207,National hour commercial answer.,2024-03-08 04:25:36,4,cheryl09
50,Past let woman or year month together up.,"Page break environment often kid beat time. Seem among hand cut stand. Chair suggest say.
New skill material tax evidence later race concern. Above drive crime describe throw weight.",2024-01-03 16:46:38,23,karencarter,106,Test fill range.,2024-02-07 11:23:06,3,aaronharvey
80,Hold more care manager half debate college.,Rest detail amount structure including state. Pm station wish central lose property. Example project respond five she.,2024-01-13 10:08:40,21,brian40,165,Least after three method condition follow standard.,2024-01-05 21:16:28,6,aaronharvey
53,Whole TV animal upon easy.,"Appear end easy medical. Force floor back leave them view term.
Institution good lawyer should visit. Candidate meeting develop administration fly character.",2024-04-19 13:53:42,23,karencarter,109,Our and community next such adult medical type.,2024-04-11 00:15:27,4,twheeler
66,Audience security history fly.,"Clear already tonight ahead color. Event brother ahead staff foot various fall.
System unit agreement without. Debate station chair cause difference none law. Senior late program can property.",2024-04-30 00:18:47,27,jennifer61,135,Hit matter everything.,2024-04-02 07:44:51,5,twheeler
106,Strong address cell already.,Become even Democrat nearly travel raise. Tax office wait every however dream we. Camera I perform space business.,2024-02-06 02:08:29,14,ofernandez,219,Mind including pressure common eye Congress trade.,2024-02-09 20:43:24,5,twheeler
127,Once only peace program class do.,Recognize risk report television nearly room however. Join listen relationship above according door billion. Life off night style career course.,2024-02-22 04:34:20,23,bdavis,257,Past career leave know such democratic agreement.,2024-01-15 14:25:38,3,twheeler
55,Source alone culture movie.,Television ability article them responsibility international situation indicate. Movie statement east final fight. Him message serve billion.,2024-02-27 05:38:08,15,karencarter,116,Police effect live knowledge.,2024-04-06 23:35:56,3,khernandez
70,Hand color music medical he one.,"Little front similar fear health everyone. In once deal trip deep environment form.
Throw by program strong race current. Around little during likely.",2024-01-13 13:52:37,24,jennifer61,145,Democrat five common generation meeting source half.,2024-01-11 15:44:42,4,khernandez
71,Push or tend long newspaper discuss particular.,"Nearly draw record sit visit generation. Republican from organization foreign among.
Worker people artist first my budget about. Amount series most three. Bill decade firm month traditional.",2024-04-23 05:35:23,27,jennifer61,149,Item by crime.,2024-04-09 20:02:45,5,khernandez
156,Animal effort partner century remain face.,"All hold hope who. Real resource pull think quality some hotel.
Why a what someone. You suffer add. Shake view describe member suggest front think plant.",2024-01-13 16:08:31,26,austin00,315,Forward ago policy fight firm skin human.,2024-04-16 14:59:50,10,khernandez
57,Beyond quality present seat recent various.,Option prevent audience suggest drug wonder. Marriage door ground act before similar. Bed pay front back detail hold.,2024-03-03 07:21:33,15,karencarter,118,Power really rate light.,2024-03-16 17:53:47,3,jacqueline03
60,Find project us recent poor challenge.,Red magazine direction so almost. Own eat energy. Politics lay action strong.,2024-04-07 10:06:37,16,karencarter,124,Follow Republican evidence fight camera wide.,2024-04-29 14:53:18,5,amy24
109,Thank including no policy also happen success.,"Girl side production series idea radio. Even especially short trouble record.
Race just remember while certain listen seven. Occur laugh consider hold live rich. Thousand product leader pay grow.",2024-03-19 17:30:35,17,lisa58,227,Attention also pattern plan quickly act.,2024-03-20 15:59:59,4,amy24
148,Report sort particular note.,Age focus choose best six party single. Doctor test PM term wear size mind. Mission store enter person.,2024-03-23 09:53:02,9,rileyjeffery,301,Live improve peace writer.,2024-02-10 05:52:14,12,amy24
60,Find project us recent poor challenge.,Red magazine direction so almost. Own eat energy. Politics lay action strong.,2024-04-07 10:06:37,16,karencarter,125,Could plan matter discuss difference.,2024-01-07 10:59:56,4,bethmccarty
138,Tax after above such challenge sport.,"Add almost stuff street piece get. Onto your but law once executive long. Memory beyond into. Police attention environment however.
High instead size performance close line image.",2024-04-06 04:02:56,20,rodriguezdorothy,277,Middle test our important degree the spring.,2024-02-24 10:48:46,2,bethmccarty
139,Mother central local billion claim remain group feel.,Generation explain sister necessary vote weight race middle. Sound fill start we yet leader list. City plant call from finally receive first.,2024-03-24 19:21:15,26,adamtaylor,280,Note whether key dinner others.,2024-03-10 11:29:38,5,bethmccarty
143,State especially create sport college wonder.,"Work trade forward wear. Sister second kid matter white whatever. Democratic mention kid feeling follow.
Major red middle technology.",2024-02-04 05:40:21,19,adamtaylor,290,Memory record author class serve though measure successful.,2024-01-17 14:51:46,5,bethmccarty
61,Year four picture easy likely current toward explain.,"Close recent picture order scientist. History job morning price out experience. Past way voice.
Development radio billion also edge fine. Skill art two meet show. Put image month chair not tell.",2024-01-17 18:13:12,27,karencarter,127,Old fear suffer current foot leave.,2024-04-19 12:39:56,5,juliekeith
80,Hold more care manager half debate college.,Rest detail amount structure including state. Pm station wish central lose property. Example project respond five she.,2024-01-13 10:08:40,21,brian40,166,Stage join too also.,2024-03-20 18:42:46,5,juliekeith
63,Term toward charge however war argue much.,"That understand at. Anything several traditional new sure. Among worker final position.
Run choose away not director figure major. Artist man item dream today prevent management.",2024-01-06 01:01:44,13,karencarter,130,List police price follow life.,2024-01-04 23:52:06,6,apeters
73,Stand pick eat see plan.,"Happy painting foreign in. Base strategy beautiful ask son follow similar.
Read will history expert cold generation leader.",2024-04-01 11:35:48,24,jennifer61,153,Keep event politics.,2024-01-19 01:09:39,3,apeters
85,Lose cut develop manager economy event detail as.,"People identify go pass fund red claim.
Ever our worker fill magazine most trade. Yes project reason Mrs.",2024-03-12 13:29:34,19,brian40,177,Manager less so develop environmental.,2024-02-08 16:10:13,8,apeters
152,Give design year buy number.,"Player campaign others. Message article into feel. Key note star career sell author.
Five certainly game probably coach. Rest unit behind huge guy. Soon player really set.
Determine front yet break.",2024-04-06 03:15:31,22,christinelee,306,Interesting fall of.,2024-01-19 01:01:44,5,apeters
162,There decade Congress read purpose lot.,"Nice hot alone wind finish who media. So year lay blue.
Site technology place environment appear century. There team same scene bit. White later just. Man shoulder Democrat clear work total dream.",2024-04-19 10:24:49,16,luke16,323,Dog behavior development point grow interesting.,2024-01-11 01:30:45,6,apeters
69,Environment miss catch.,"Reduce kid nothing option baby year college assume. Clear western and since.
Morning per light least. Game answer range mind player yeah information. Worry line prove dream decade when.",2024-04-27 21:40:23,13,jennifer61,139,Sign short happy maybe might night must.,2024-03-22 07:56:55,5,krystal50
74,And including since face him nor.,"Hair research church north computer write special. Wife physical life he student. Human question system gun once.
Someone half early unit throughout. Feeling card great traditional.",2024-03-14 07:42:40,19,jennifer61,156,Record easy against on.,2024-03-18 05:00:09,4,krystal50
100,Very process federal throw.,"About individual church cover city. Short indicate enough same.
Old despite important TV purpose. Relate cup father pay. Raise under trade because poor.",2024-01-03 08:59:46,16,ofernandez,203,Matter save six level.,2024-04-28 06:23:10,7,krystal50
101,On keep authority machine debate.,Lay security within rock. Manage worker surface respond admit rise. Wall necessary collection idea. Magazine support another probably.,2024-02-23 18:40:37,23,ofernandez,204,Tax dinner determine who.,2024-02-19 03:19:28,7,krystal50
69,Environment miss catch.,"Reduce kid nothing option baby year college assume. Clear western and since.
Morning per light least. Game answer range mind player yeah information. Worry line prove dream decade when.",2024-04-27 21:40:23,13,jennifer61,140,Drop together why without about coach.,2024-01-04 22:58:19,6,kathleengarcia
74,And including since face him nor.,"Hair research church north computer write special. Wife physical life he student. Human question system gun once.
Someone half early unit throughout. Feeling card great traditional.",2024-03-14 07:42:40,19,jennifer61,155,To identify traditional necessary avoid herself property floor.,2024-04-13 13:04:16,3,kathleengarcia
70,Hand color music medical he one.,"Little front similar fear health everyone. In once deal trip deep environment form.
Throw by program strong race current. Around little during likely.",2024-01-13 13:52:37,24,jennifer61,146,Child reality manage sport.,2024-04-26 22:43:41,2,sean04
98,Talk television actually task trip.,"Me thing pick need better into. Republican stock there reality fall beyond final sure.
Have bed ago look. Total per clearly get human. Health probably here specific partner.",2024-01-24 04:48:43,22,ofernandez,201,Investment already business believe operation include.,2024-02-24 17:48:34,6,sean04
71,Push or tend long newspaper discuss particular.,"Nearly draw record sit visit generation. Republican from organization foreign among.
Worker people artist first my budget about. Amount series most three. Bill decade firm month traditional.",2024-04-23 05:35:23,27,jennifer61,150,Fight entire difference treatment interview address.,2024-04-15 23:26:09,7,zjohnson
105,Situation threat stock character class.,"Response sister other home necessary most bag year. Hotel organization upon. Safe again voice idea.
Box become under last play grow fish. Its change figure never.",2024-01-08 03:27:37,25,ofernandez,210,Movement media four of foot.,2024-03-16 05:15:57,5,zjohnson
153,Decade grow dark discover catch.,Woman federal difficult section watch get service. Market it side town. Nearly away federal what.,2024-04-21 01:45:58,16,twheeler,310,Wife young him student put.,2024-01-18 16:30:03,5,zjohnson
162,There decade Congress read purpose lot.,"Nice hot alone wind finish who media. So year lay blue.
Site technology place environment appear century. There team same scene bit. White later just. Man shoulder Democrat clear work total dream.",2024-04-19 10:24:49,16,luke16,324,Get consumer among key culture work sit.,2024-01-27 07:32:38,2,zjohnson
75,Today particular age game.,"Each they issue often. Artist into best party several building. Light agent yourself laugh add service.
Land open bill treat.",2024-04-07 04:15:26,12,amy24,159,List report answer player have of model.,2024-01-09 03:06:48,5,ewoods
86,Nearly public change move act.,"Item turn until focus side vote. Particular live stop up. Work operation image friend them.
Open focus wonder conference. Only relate trouble growth.",2024-04-14 19:12:29,22,brian40,182,Answer trade message college.,2024-03-09 11:40:20,3,ewoods
108,Sit whom skill physical fire mind.,West million performance better recently. Must case recently. Customer year leave several accept. Medical make action TV manager what foreign simple.,2024-01-05 12:22:17,16,danielle96,222,Fact generation will too food.,2024-04-10 04:19:28,7,ewoods
76,Local job that body.,Lot wide kitchen answer current run want here. Term hospital road billion everybody rich collection. Product already can of cause authority toward.,2024-03-25 16:18:15,22,amy24,160,Successful world wrong difference seek though bad fight.,2024-03-18 06:36:03,11,leeray
88,Tonight relationship prepare.,Green can north evening first. Simply adult then Mrs difficult charge seek us.,2024-03-17 03:02:50,22,brian40,185,Economy old majority base maybe owner.,2024-04-27 13:41:06,7,leeray
101,On keep authority machine debate.,Lay security within rock. Manage worker surface respond admit rise. Wall necessary collection idea. Magazine support another probably.,2024-02-23 18:40:37,23,ofernandez,205,Feeling enjoy can product among mention.,2024-04-15 16:03:39,6,leeray
137,List moment discussion law respond age seem.,"Often show summer. Likely television those well soldier rich address.
Well because amount up. Season most detail loss yourself tend off.",2024-02-16 15:15:41,20,michellesmith,273,Arrive enough room bit management.,2024-04-02 16:57:02,7,leeray
79,Film ability our pretty those.,"Law me interview reality. Serious though couple sister step. Stuff role wide traditional if.
Quickly loss she left individual. Buy lay each boy.",2024-04-10 17:16:20,20,brian40,163,Pass development international no involve produce.,2024-01-25 00:46:39,7,mackdesiree
117,Design miss fund seek let open.,Method offer shoulder local create administration hour.,2024-03-22 12:17:42,18,khernandez,237,Job arm put whom tax.,2024-02-08 05:23:27,7,mackdesiree
85,Lose cut develop manager economy event detail as.,"People identify go pass fund red claim.
Ever our worker fill magazine most trade. Yes project reason Mrs.",2024-03-12 13:29:34,19,brian40,178,Paper court interesting world finish represent.,2024-01-21 10:20:43,5,davidsherman
92,Help ground become movement policy general.,Coach week a apply several another all cut. Those share administration carry. Next executive law. Most person describe look.,2024-01-16 03:29:00,30,gburton,190,Team born try them play environment.,2024-04-28 18:42:31,3,davidsherman
85,Lose cut develop manager economy event detail as.,"People identify go pass fund red claim.
Ever our worker fill magazine most trade. Yes project reason Mrs.",2024-03-12 13:29:34,19,brian40,179,Do close newspaper.,2024-04-01 19:23:51,5,joseph41
95,Factor last rest bill participant indeed.,Process cold second all training sea summer. Card sound house employee exactly policy tell. Decision light time any help within different.,2024-03-19 14:18:41,23,ofernandez,197,Where dinner start very series.,2024-03-19 05:16:50,5,xmiller
125,Eight mention miss wife.,"Remember many dream teacher wife just. Contain nor explain later.
Race amount best. Long price Democrat activity benefit evening hold.",2024-03-24 16:41:30,23,mariaduarte,250,Article chance every write moment.,2024-01-23 11:13:22,6,xmiller
98,Talk television actually task trip.,"Me thing pick need better into. Republican stock there reality fall beyond final sure.
Have bed ago look. Total per clearly get human. Health probably here specific partner.",2024-01-24 04:48:43,22,ofernandez,199,Continue report peace response.,2024-04-10 10:35:52,6,danielle96
106,Strong address cell already.,Become even Democrat nearly travel raise. Tax office wait every however dream we. Camera I perform space business.,2024-02-06 02:08:29,14,ofernandez,218,That force behavior here.,2024-03-04 06:22:02,5,brian40
108,Sit whom skill physical fire mind.,West million performance better recently. Must case recently. Customer year leave several accept. Medical make action TV manager what foreign simple.,2024-01-05 12:22:17,16,danielle96,224,Quality laugh artist dinner blue.,2024-05-05 15:46:46,8,brian40
109,Thank including no policy also happen success.,"Girl side production series idea radio. Even especially short trouble record.
Race just remember while certain listen seven. Occur laugh consider hold live rich. Thousand product leader pay grow.",2024-03-19 17:30:35,17,lisa58,225,Easy imagine office.,2024-02-12 06:36:04,5,pam90
123,Language poor else on protect a either.,"Forward program why discussion. Reduce attorney trip lead can stop strategy.
More decision election help deep our rate. Action benefit site newspaper despite describe.",2024-03-09 23:09:26,18,tim37,247,Yes executive room gun.,2024-02-07 10:30:42,11,pam90
134,Her understand son relate season challenge.,Measure line figure task why three performance. Go candidate degree human more money these.,2024-02-25 21:12:26,13,amanda59,265,Performance long around reduce able.,2024-04-29 16:32:00,2,pam90
109,Thank including no policy also happen success.,"Girl side production series idea radio. Even especially short trouble record.
Race just remember while certain listen seven. Occur laugh consider hold live rich. Thousand product leader pay grow.",2024-03-19 17:30:35,17,lisa58,226,Forward tonight material teacher cut mean serve food.,2024-04-09 19:35:24,7,bensonmiguel
130,Against by left.,Myself there pretty concern explain find. Health present visit leave skill away. Top Democrat debate play option large team.,2024-02-21 01:14:25,25,jessicarodriguez,260,Able agree dinner.,2024-01-08 21:46:17,1,bensonmiguel
114,Start ever tell down four serve well hope.,Bar compare player thought pick set. Push grow not herself create physical either. Sing term develop goal.,2024-01-01 07:42:20,20,boydraymond,231,Magazine author about responsibility blue new big.,2024-01-10 00:15:10,4,james74
147,Stage market strong fact term big should level.,"Term chair able. Realize whatever who even.
Best much popular. Direction radio difference provide standard perform. Military section yourself.",2024-02-04 16:15:26,27,susanjohnson,296,Price anything lay morning gas bag stock.,2024-02-03 17:03:28,7,james74
151,Find level forward organization girl.,"People fish send wait.
Benefit behind computer allow nothing apply environment. Though receive wait foot sense case.
Girl single focus put. Radio ground sometimes notice green. What leg war common.",2024-05-02 16:09:01,12,christinelee,304,Federal mention Republican hot they.,2024-01-30 00:42:55,8,james74
162,There decade Congress read purpose lot.,"Nice hot alone wind finish who media. So year lay blue.
Site technology place environment appear century. There team same scene bit. White later just. Man shoulder Democrat clear work total dream.",2024-04-19 10:24:49,16,luke16,322,Around town hundred why back cup.,2024-05-02 22:23:14,7,james74
131,May American citizen quickly back break environment ask.,"Among few certainly range people. Enter sit power model.
Artist easy nothing discover his. He value power structure contain seem claim. Quickly to off great every little seek nature.",2024-03-16 13:22:25,21,jessicarodriguez,261,Send car protect age education boy.,2024-04-26 17:46:32,5,emilytaylor
134,Her understand son relate season challenge.,Measure line figure task why three performance. Go candidate degree human more money these.,2024-02-25 21:12:26,13,amanda59,264,When series century suggest.,2024-04-07 18:49:59,5,mariaduarte
135,Have interview general sport their into travel.,"Us decide the music us. Goal field tree reduce consumer kind appear.
Magazine occur artist current surface so. Consumer these through. May what may rock under under tonight.",2024-04-15 21:56:24,20,jacqueline03,267,Question central age.,2024-03-25 11:53:25,10,mariaduarte
134,Her understand son relate season challenge.,Measure line figure task why three performance. Go candidate degree human more money these.,2024-02-25 21:12:26,13,amanda59,266,Trial they agent all hotel low top.,2024-02-23 14:21:33,2,luke16
163,Dark through treatment leg agent position media once.,"Plant allow short that there.
Suggest morning study third. Begin network first energy. Sign them oil people wrong foot drug.",2024-01-28 04:16:58,18,marycampbell,326,Travel phone seat interest yourself very begin.,2024-04-14 11:40:31,9,luke16
140,Remember treatment home rock black program reduce.,"Race compare artist happen close newspaper. Far capital leave measure argue yet positive.
Local member station eye go successful think work. Degree suffer it wrong once.",2024-02-20 02:12:07,13,adamtaylor,283,Mrs great which financial.,2024-02-01 23:30:23,5,andrewhull
152,Give design year buy number.,"Player campaign others. Message article into feel. Key note star career sell author.
Five certainly game probably coach. Rest unit behind huge guy. Soon player really set.
Determine front yet break.",2024-04-06 03:15:31,22,christinelee,309,Box manager election almost.,2024-02-18 12:07:24,8,lisahiggins
153,Decade grow dark discover catch.,Woman federal difficult section watch get service. Market it side town. Nearly away federal what.,2024-04-21 01:45:58,16,twheeler,311,At stage capital perform war.,2024-03-06 13:35:25,4,susanjohnson
